mot_clef_reve,signification
renard,malin
cheval,liberté
eau,émotions
montagne,obstacle
oiseau,liberté
arbre, croissance
feu, transformation
maison, sécurité
bateau, exploration
fleur, épanouissement
renard,astuce
cheval,liberté
eau,émotion
montagne,obstacle
oiseau,liberté
arbre,stabilité
feu,passion
maison,foyer
bateau,voyage
fleur,beauté
lumière,clarté
chien,loyauté
pont,transition
soleil,énergie
chat,mystère
route,voyage
ciel,infini
miroir,reflet
pomme,tentation
rivière,flux
étoile,espoir
château,pouvoir
forêt,mystère
pluie,renaissance
papillon,transformation
loup,instinct
escalier,ascension
bougie,sérénité
pierre,solidité
poussière,fugacité
épée,courage
fenêtre,ouverture
brouillard,confusion
clé,opportunité
masque,illusion
arc-en-ciel,espoir
horloge,temps
coquillage,écoute
épave,souvenir
serpent,transformation
nuage,rêverie
marteau,action
carte,découverte
chaise,repos
échelle,ascension
voile,mystère
voiture,voyage
plume,légèreté
puzzle,résolution
désert,solitude
théière,convivialité
corde,lien
cascade,abondance
sourire,joie
chapeau,élégance
crayon,créativité
bague,engagement
miroir,reflet
labyrinthe,défi
papier,communication
roche,solidité
parapluie,protection
vague,fluctuation
tunnel,transition
méduse,fragilité
éclair,illumination
livre,savoir
sable,fluidité
visage,identité
girafe,élévation
pluie,renaissance
poussière,fugacité
étoile,lueur
herbe,abondance
cercle,unité
neige,pureté
crayon,expression
porte,passage
montre,temps
clé,solution
araignée,patience
escalier,défi
fumée,mystère
épée,défense
robe,élégance
fleur,fragilité
pierre,force
nuage,rêve
marteau,construction
carte,voyage
lumière,révélation
bateau,découverte
arbre,vie
feu,croissance
voile,aventure
chaise,repos
pont,connexion
route,destin
livre,sagesse
fenêtre,perspective
mot_clef_reve,signification
étoile,brillance
chapeau,style
sourire,bonheur
clé,ouverture
poussière,fugacité
montagne,altitude
plume,légèreté
pont,traversée
corde,liage
feu,chaud
miroir,reflet
fleur,beauté
arbre,vie
éclair,énergie
oiseau,liberté
bateau,voyage
soleil,lumière
chien,fidélité
rivière,flux
lune,mystère
ciel,infini
herbe,nature
pierre,solidité
nuage,flottant
horloge,temps
fenêtre,vue
coquillage,écoute
échelle,grimpée
puzzle,résolu
route,aventure
papillon,métamorphose
loup,fauve
bougie,lueur
brouillard,voilé
livre,connaissance
corbeau,mystérieux
roche,dureté
pluie,récolte
parapluie,protection
sable,grain
désert,vastitude
chaise,repos
voiture,vitesse
miroir,surface
escalier,élévation
araignée,tissage
fumée,dissipation
pomme,fruit
cœur,émotion
girafe,grande
cercle,continuité
montre,précision
clé,serrure
marteau,frappe
carte,orientation
fleur,fragilité
neige,froide
crayon,trace
visage,expression
robe,élégance
papillon,léger
livre,sagesse
porte,entrée
plume,écriture
corde,attache
théière,chaleur
cascade,ruissellement
lumière,éclat
nuage,vaporeux
escalier,escalade
feuille,légère
roche,ancienne
pluie,goutte
poussière,microscopique
soleil,brillant
champ,fertilité
girafe,long cou
lac,calme
chaise,assise
horloge,pendule
château,royal
étoile,farouche
cheval,vitesse
papier,écrit
miroir,reflet
clé,fermée
montagne,haute
lune,brillante
éclair,bruit
arbre,ombrage
plume,léger
feu,féroce
oiseau,chant
bateau,vague
sourire,radiant
soleil,réchauffement
rivière,flot
ciel,bleu
herbe,douce
horloge,coucou
champ,blé
pierre,solide
neige,fraîche
fleur,pétales
corde,noeud
araignée,fine
lac,eau
girafe,haut
château,fort
pluie,brouillard
poussière,sale
montagne,rocheuse
nuage,sombre
chaise,dure
lac,paisible
horloge,grande
roche,granit
soleil,coucher
champ,vert
corde,longue
fleur,colorée
étoile,twinkle
plume,duveteuse
poussière,invisible
pierre,lourde
château,imposant
lune,suspendue
éclair,électrique
oiseau,ailes
brouillard,épais
papier,blanc
ciel,dégagé
arbre,feuilles
montagne,enneigée
pont,ancien
neige,éclatante
soleil,rayonnant
horloge,comtoise
girafe,grande
chaise,bois
pluie,douce
lac,reflet
roche,calcaire
feu,fournaise
corde,rigide
lune,pleine